Andaman Nicobar,Nicobars,South Bangal
Andaman Nicobar,north and middle andaman,South Bangal
Andaman Nicobar,south andamans,South Bangal
Andhra Pradesh,Anantapur,Andhra Pradesh
Andhra Pradesh,Chittoor,Andhra Pradesh
Andhra Pradesh,East Godavari,Andhra Pradesh
Andhra Pradesh,Guntur,Andhra Pradesh
Andhra Pradesh,Y.S.R.,Andhra Pradesh
Andhra Pradesh,Krishna,Andhra Pradesh
Andhra Pradesh,Kurnool,Andhra Pradesh
Andhra Pradesh,Spsr Nellore,Andhra Pradesh
Andhra Pradesh,Prakasam,Andhra Pradesh
Andhra Pradesh,Srikakulam,Andhra Pradesh
Andhra Pradesh,visakhapatanam,Andhra Pradesh
Andhra Pradesh,Vizianagaram,Andhra Pradesh
Andhra Pradesh,West Godavari,Andhra Pradesh
Arunachal Pradesh,Anjaw,Arunachal
Arunachal Pradesh,Siang,Arunachal
Arunachal Pradesh,Changlang,Arunachal
Arunachal Pradesh,Dibang Valley,Arunachal
Arunachal Pradesh,East Kameng,Arunachal
Arunachal Pradesh,East Siang,Arunachal
Arunachal Pradesh,Kamle,Arunachal
Arunachal Pradesh,Kra Daadi,Arunachal
Arunachal Pradesh,Kurung Kumey,Arunachal
Arunachal Pradesh,leparada,Arunachal
Arunachal Pradesh,Lohit,Arunachal
Arunachal Pradesh,Longding,Arunachal
Arunachal Pradesh,Lower Dibang Valley,Arunachal
Arunachal Pradesh,Lower Siang,Arunachal
Arunachal Pradesh,Lower Subansiri,Arunachal
Arunachal Pradesh,Namsai,Arunachal
Arunachal Pradesh,Pakke Kessang,Arunachal
Arunachal Pradesh,Papum Pare,Arunachal
Arunachal Pradesh,Shi Yomi,Arunachal
Arunachal Pradesh,Tawang,Arunachal
Arunachal Pradesh,Tirap,Arunachal
Arunachal Pradesh,Upper Siang,Arunachal
Arunachal Pradesh,Upper Subansiri,Arunachal
Arunachal Pradesh,West Kameng,Arunachal
Arunachal Pradesh,West Siang,Arunachal
Assam,Baksa,North Assam
Assam,Barpeta,North Assam
Assam,Biswanath,North Assam
Assam,Bongaigaon,North Assam
Assam,Cachar,South Assam
Assam,Charaideo,North Assam
Assam,Chirang,North Assam
Assam,Darrang,North Assam
Assam,Dhemaji,North Assam
Assam,Dhubri,North Assam
Assam,Dibrugarh,North Assam
Assam,Dima Hasao,South Assam
Assam,Goalpara,North Assam
Assam,Golaghat,North Assam
Assam,Hailakandi,South Assam
Assam,Hojai,North Assam
Assam,Jorhat,North Assam
Assam,Kamrup,North Assam
Assam,Kamrup Metro,North Assam
Assam,Karbi Anglong,North Assam
Assam,Karimganj,South Assam
Assam,Kokrajhar,North Assam
Assam,Lakhimpur,North Assam
Assam,Majuli,North Assam
Assam,marigaon,North Assam
Assam,Nagaon,North Assam
Assam,Nalbari,North Assam
Assam,Sivasagar,North Assam
Assam,Sonitpur,North Assam
Assam,south salmara mancachar,North Assam
Assam,Tinsukia,North Assam
Assam,Udalguri,North Assam
Assam,West Karbi Anglong,North Assam
Bihar,Araria,North Bihar
Bihar,Arwal,South Bihar
Bihar,Aurangabad,South Bihar
Bihar,Banka,South Bihar
Bihar,Begusarai,North Bihar
Bihar,Bhagalpur,South Bihar
Bihar,Bhojpur,South Bihar
Bihar,Buxar,South Bihar
Bihar,Darbhanga,North Bihar
Bihar,Purbi Champaran,North Bihar
Bihar,Gaya,South Bihar
Bihar,Gopalganj,North Bihar
Bihar,Jamui,South Bihar
Bihar,Jehanabad,South Bihar
Bihar,Kaimur (Bhabua),South Bihar
Bihar,Katihar,North Bihar
Bihar,Khagaria,North Bihar
Bihar,Kishanganj,North Bihar
Bihar,Lakhisarai,South Bihar
Bihar,Madhepura,North Bihar
Bihar,Madhubani,North Bihar
Bihar,Munger,South Bihar
Bihar,Muzaffarpur,North Bihar
Bihar,Nalanda,South Bihar
Bihar,Nawada,South Bihar
Bihar,Patna,South Bihar
Bihar,Purnia,North Bihar
Bihar,Rohtas,South Bihar
Bihar,Saharsa,North Bihar
Bihar,Samastipur,North Bihar
Bihar,Saran,North Bihar
Bihar,Sheikhpura,South Bihar
Bihar,Sheohar,North Bihar
Bihar,Sitamarhi,North Bihar
Bihar,Siwan,North Bihar
Bihar,Supaul,North Bihar
Bihar,Vaishali,North Bihar
Bihar,Pashchim Champaran,North Bihar
Chandigarh,Chandigarh,Punjab
Chhattisgarh,Balod,Chattisgarh
Chhattisgarh,Baloda Bazar,Chattisgarh
Chhattisgarh,Balrampur,Chattisgarh
Chhattisgarh,Bastar,Chattisgarh
Chhattisgarh,Bemetara,Chattisgarh
Chhattisgarh,Bijapur,Chattisgarh
Chhattisgarh,Bilaspur,Chattisgarh
Chhattisgarh,Dantewada,Chattisgarh
Chhattisgarh,Dhamtari,Chattisgarh
Chhattisgarh,Durg,Chattisgarh
Chhattisgarh,gariyaband,Chattisgarh
Chhattisgarh,gaurella pendra marwahi,Chattisgarh
Chhattisgarh,janjgir-champa,Chattisgarh
Chhattisgarh,Jashpur,Chattisgarh
Chhattisgarh,Kabirdham,Chattisgarh
Chhattisgarh,Kanker,Chattisgarh
Chhattisgarh,Kondagaon,Chattisgarh
Chhattisgarh,Korba,Chattisgarh
Chhattisgarh,Korea,Chattisgarh
Chhattisgarh,Mahasamund,Chattisgarh
Chhattisgarh,Mungeli,Chattisgarh
Chhattisgarh,Narayanpur,Chattisgarh
Chhattisgarh,Raigarh,Chattisgarh
Chhattisgarh,Raipur,Chattisgarh
Chhattisgarh,Rajnandgaon,Chattisgarh
Chhattisgarh,Sukma,Chattisgarh
Chhattisgarh,Surajpur,Chattisgarh
Chhattisgarh,Surguja,Chattisgarh
Dadra Nagar Haveli,dadra and nagar haveli,Gujrath
Daman Diu,Daman,Gujrath
Daman Diu,Diu,Gujrath
Delhi,Central,Delhi
Delhi,East,Delhi
Delhi,New Delhi,Delhi
Delhi,North,Delhi
Delhi,North East,Delhi
Delhi,North West,Delhi
Delhi,Shahdara,Delhi
Delhi,South,Delhi
Delhi,South East,Delhi
Delhi,South West,Delhi
Delhi,West,Delhi
Goa,North Goa,Kokan
Goa,South Goa,Kokan
Gujarat,ahmadabad,Gujrath
Gujarat,Amreli,Saurashtra
Gujarat,Anand,Gujrath
Gujarat,arvalli,Gujrath
Gujarat,banas kantha,Gujrath
Gujarat,Bharuch,Gujrath
Gujarat,Bhavnagar,Saurashtra
Gujarat,Botad,Saurashtra
Gujarat,chhotaudepur,Gujrath
Gujarat,Dohad,Gujrath
Gujarat,Dang,Gujrath
Gujarat,devbhumi dwarka,Saurashtra
Gujarat,Gandhinagar,Gujrath
Gujarat,Gir Somnath,Saurashtra
Gujarat,Jamnagar,Saurashtra
Gujarat,Junagadh,Saurashtra
Gujarat,Kheda,Gujrath
Gujarat,Kachchh,Saurashtra
Gujarat,Mahisagar,Gujrath
Gujarat,mahesana,Gujrath
Gujarat,Morbi,Saurashtra
Gujarat,Narmada,Gujrath
Gujarat,Navsari,Gujrath
Gujarat,panch mahals,Gujrath
Gujarat,Patan,Gujrath
Gujarat,Porbandar,Saurashtra
Gujarat,Rajkot,Saurashtra
Gujarat,sabar kantha,Saurashtra
Gujarat,Surat,Gujrath
Gujarat,Surendranagar,Saurashtra
Gujarat,Tapi,Gujrath
Gujarat,Vadodara,Gujrath
Gujarat,Valsad,Gujrath
Haryana,Ambala,Haryana
Haryana,Bhiwani,Haryana
Haryana,charki dadri,Haryana
Haryana,Faridabad,Haryana
Haryana,Fatehabad,Haryana
Haryana,Gurugram,Haryana
Haryana,Hisar,Haryana
Haryana,Jhajjar,Haryana
Haryana,Jind,Haryana
Haryana,Kaithal,Haryana
Haryana,Karnal,Haryana
Haryana,Kurukshetra,Haryana
Haryana,Mahendragarh,Haryana
Haryana,Nuh,Haryana
Haryana,Palwal,Haryana
Haryana,Panchkula,Haryana
Haryana,Panipat,Haryana
Haryana,Rewari,Haryana
Haryana,Rohtak,Haryana
Haryana,Sirsa,Haryana
Haryana,Sonipat,Haryana
Haryana,Yamunanagar,Haryana
Himachal Pradesh,Bilaspur,Himachal
Himachal Pradesh,Chamba,Himachal
Himachal Pradesh,Hamirpur,Himachal
Himachal Pradesh,Kangra,Himachal
Himachal Pradesh,Kinnaur,Himachal
Himachal Pradesh,Kullu,Himachal
Himachal Pradesh,Lahul And Spiti,Himachal
Himachal Pradesh,Mandi,Himachal
Himachal Pradesh,Shimla,Himachal
Himachal Pradesh,Sirmaur,Himachal
Himachal Pradesh,Solan,Himachal
Himachal Pradesh,Una,Himachal
Jammu Kashmir,Anantnag,Jammu Kashmir
Jammu Kashmir,Bandipora,Jammu Kashmir
Jammu Kashmir,Baramulla,Jammu Kashmir
Jammu Kashmir,Budgam,Jammu Kashmir
Jammu Kashmir,Doda,Jammu Kashmir
Jammu Kashmir,Ganderbal,Jammu Kashmir
Jammu Kashmir,Jammu,Jammu Kashmir
Jammu Kashmir,Kathua,Jammu Kashmir
Jammu Kashmir,Kishtwar,Jammu Kashmir
Jammu Kashmir,Kulgam,Jammu Kashmir
Jammu Kashmir,Kupwara,Jammu Kashmir
Jammu Kashmir,Poonch,Jammu Kashmir
Jammu Kashmir,Pulwama,Jammu Kashmir
Jammu Kashmir,Rajouri,Jammu Kashmir
Jammu Kashmir,Ramban,Jammu Kashmir
Jammu Kashmir,Reasi,Jammu Kashmir
Jammu Kashmir,Samba,Jammu Kashmir
Jammu Kashmir,Shopian,Jammu Kashmir
Jammu Kashmir,Srinagar,Jammu Kashmir
Jammu Kashmir,Udhampur,Jammu Kashmir
Jharkhand,Bokaro,Jharkhand
Jharkhand,Chatra,Jharkhand
Jharkhand,Deoghar,Jharkhand
Jharkhand,Dhanbad,Jharkhand
Jharkhand,Dumka,Jharkhand
Jharkhand,east singhbum,Jharkhand
Jharkhand,Garhwa,Jharkhand
Jharkhand,Giridih,Jharkhand
Jharkhand,Godda,Jharkhand
Jharkhand,Gumla,Jharkhand
Jharkhand,Hazaribagh,Jharkhand
Jharkhand,Jamtara,Jharkhand
Jharkhand,Khunti,Jharkhand
Jharkhand,Koderma,Jharkhand
Jharkhand,Latehar,Jharkhand
Jharkhand,Lohardaga,Jharkhand
Jharkhand,Pakur,Jharkhand
Jharkhand,Palamu,Jharkhand
Jharkhand,Ramgarh,Jharkhand
Jharkhand,Ranchi,Jharkhand
Jharkhand,Sahebganj,Jharkhand
Jharkhand,saraikela kharsawan,Jharkhand
Jharkhand,Simdega,Jharkhand
Jharkhand,West Singhbhum,Jharkhand
Karnataka,bagalkote,North Karnataka
Karnataka,bengaluru rural,South Karnataka
Karnataka,bengaluru urban,South Karnataka
Karnataka,Belagavi,North Karnataka
Karnataka,Ballari,North Karnataka
Karnataka,Bidar,North Karnataka
Karnataka,chamarajanagara,South Karnataka
Karnataka,chikkaballapura,South Karnataka
Karnataka,Chikkamagaluru,South Karnataka
Karnataka,Chitradurga,South Karnataka
Karnataka,Dakshina Kannada,South Karnataka
Karnataka,davangere,South Karnataka
Karnataka,Dharwad,North Karnataka
Karnataka,Gadag,North Karnataka
Karnataka,Kalaburagi,North Karnataka
Karnataka,Hassan,South Karnataka
Karnataka,Haveri,North Karnataka
Karnataka,Kodagu,South Karnataka
Karnataka,Kolar,South Karnataka
Karnataka,Koppal,North Karnataka
Karnataka,Mandya,South Karnataka
Karnataka,Mysuru,South Karnataka
Karnataka,Raichur,North Karnataka
Karnataka,Ramanagara,South Karnataka
Karnataka,Shivamogga,South Karnataka
Karnataka,tumakuru,South Karnataka
Karnataka,Udupi,South Karnataka
Karnataka,Uttara Kannada,North Karnataka
Karnataka,Vijayapura,North Karnataka
Karnataka,Yadgir,North Karnataka
Kerala,Alappuzha,Keral
Kerala,Ernakulam,Keral
Kerala,Idukki,Keral
Kerala,Kannur,Keral
Kerala,Kasaragod,Keral
Kerala,Kollam,Keral
Kerala,Kottayam,Keral
Kerala,Kozhikode,Keral
Kerala,Malappuram,Keral
Kerala,Palakkad,Keral
Kerala,Pathanamthitta,Keral
Kerala,Thiruvananthapuram,Keral
Kerala,Thrissur,Keral
Kerala,Wayanad,Keral
Ladakh,Kargil,Jammu Kashmir
Ladakh,Leh Ladakh,Jammu Kashmir
Lakshadweep,Lakshadweep District,Keral
Madhya Pradesh,Agar Malwa,Malawa
Madhya Pradesh,Alirajpur,Malawa
Madhya Pradesh,Anuppur,Maha Kaushal
Madhya Pradesh,Ashoknagar,Madhya Bharat
Madhya Pradesh,Balaghat,Maha Kaushal
Madhya Pradesh,Barwani,Malawa
Madhya Pradesh,Betul,Madhya Bharat
Madhya Pradesh,Bhind,Madhya Bharat
Madhya Pradesh,Bhopal,Madhya Bharat
Madhya Pradesh,Burhanpur,Malawa
Madhya Pradesh,Chhatarpur,Maha Kaushal
Madhya Pradesh,Chhindwara,Maha Kaushal
Madhya Pradesh,Damoh,Maha Kaushal
Madhya Pradesh,Datia,Madhya Bharat
Madhya Pradesh,Dewas,Malawa
Madhya Pradesh,Dhar,Malawa
Madhya Pradesh,Dindori,Maha Kaushal
Madhya Pradesh,Guna,Madhya Bharat
Madhya Pradesh,Gwalior,Madhya Bharat
Madhya Pradesh,Harda,Madhya Bharat
Madhya Pradesh,Hoshangabad,Malawa
Madhya Pradesh,Indore,Malawa
Madhya Pradesh,Jabalpur,Maha Kaushal
Madhya Pradesh,Jhabua,Malawa
Madhya Pradesh,Katni,Malawa
Madhya Pradesh,East Nimar,Malawa
Madhya Pradesh,Khargone,Malawa
Madhya Pradesh,Mandla,Maha Kaushal
Madhya Pradesh,Mandsaur,Malawa
Madhya Pradesh,Morena,Madhya Bharat
Madhya Pradesh,Narsinghpur,Maha Kaushal
Madhya Pradesh,Neemuch,Malawa
Madhya Pradesh,Niwari,Maha Kaushal
Madhya Pradesh,Panna,Maha Kaushal
Madhya Pradesh,Raisen,Madhya Bharat
Madhya Pradesh,Rajgarh,Madhya Bharat
Madhya Pradesh,Ratlam,Malawa
Madhya Pradesh,Rewa,Maha Kaushal
Madhya Pradesh,Sagar,Maha Kaushal
Madhya Pradesh,Satna,Maha Kaushal
Madhya Pradesh,Sehore,Madhya Bharat
Madhya Pradesh,Seoni,Maha Kaushal
Madhya Pradesh,Shahdol,Maha Kaushal
Madhya Pradesh,Shajapur,Malawa
Madhya Pradesh,Sheopur,Maha Kaushal
Madhya Pradesh,Shivpuri,Madhya Bharat
Madhya Pradesh,Sidhi,Maha Kaushal
Madhya Pradesh,Singrauli,Maha Kaushal
Madhya Pradesh,Tikamgarh,Maha Kaushal
Madhya Pradesh,Ujjain,Malawa
Madhya Pradesh,Umaria,Maha Kaushal
Madhya Pradesh,Vidisha,Madhya Bharat
Maharashtra,Ahmednagar,West Maharashtra
Maharashtra,Akola,Vidarbh
Maharashtra,Amravati,Vidarbh
Maharashtra,Aurangabad,Devgiri
Maharashtra,Beed,Devgiri
Maharashtra,Bhandara,Vidarbh
Maharashtra,Buldhana,Vidarbh
Maharashtra,Chandrapur,Vidarbh
Maharashtra,Dhule,Devgiri
Maharashtra,Gadchiroli,Vidarbh
Maharashtra,Gondia,Vidarbh
Maharashtra,Hingoli,Devgiri
Maharashtra,Jalgaon,Devgiri
Maharashtra,Jalna,Devgiri
Maharashtra,Kolhapur,West Maharashtra
Maharashtra,Latur,Devgiri
Maharashtra,Mumbai,Kokan
Maharashtra,Mumbai Suburban,Kokan
Maharashtra,Nagpur,Vidarbh
Maharashtra,Nanded,Devgiri
Maharashtra,Nandurbar,Devgiri
Maharashtra,Nashik,West Maharashtra
Maharashtra,Osmanabad,Devgiri
Maharashtra,Palghar,Kokan
Maharashtra,Parbhani,Devgiri
Maharashtra,Pune,West Maharashtra
Maharashtra,Raigad,Kokan
Maharashtra,Ratnagiri,Kokan
Maharashtra,Sangli,West Maharashtra
Maharashtra,Satara,West Maharashtra
Maharashtra,Sindhudurg,Kokan
Maharashtra,Solapur,West Maharashtra
Maharashtra,Thane,Kokan
Maharashtra,Wardha,Vidarbh
Maharashtra,Washim,Vidarbh
Maharashtra,Yavatmal,Vidarbh
Manipur,Bishnupur,Manipur
Manipur,Chandel,Manipur
Manipur,Churachandpur,Manipur
Manipur,Imphal East,Manipur
Manipur,Imphal West,Manipur
Manipur,Jiribam,Manipur
Manipur,Kakching,Manipur
Manipur,Kamjong,Manipur
Manipur,Kangpokpi,Manipur
Manipur,Noney,Manipur
Manipur,Pherzawl,Manipur
Manipur,Senapati,Manipur
Manipur,Tamenglong,Manipur
Manipur,Tengnoupal,Manipur
Manipur,Thoubal,Manipur
Manipur,Ukhrul,Manipur
Meghalaya,East Garo Hills,North Assam
Meghalaya,East Jaintia Hills,North Assam
Meghalaya,East Khasi Hills,North Assam
Meghalaya,North Garo Hills,North Assam
Meghalaya,Ri Bhoi,North Assam
Meghalaya,South Garo Hills,North Assam
Meghalaya,South West Garo Hills,North Assam
Meghalaya,South West Khasi Hills,North Assam
Meghalaya,West Garo Hills,North Assam
Meghalaya,West Jaintia Hills,North Assam
Meghalaya,West Khasi Hills,North Assam
Mizoram,Aizawl,South Assam
Mizoram,Champhai,South Assam
Mizoram,Kolasib,South Assam
Mizoram,Lawngtlai,South Assam
Mizoram,Lunglei,South Assam
Mizoram,Mamit,South Assam
Mizoram,Saiha,South Assam
Mizoram,Serchhip,South Assam
Mizoram,Hnahthial,South Assam
Mizoram,Khawzawl,South Assam
Mizoram,Saitual,South Assam
Nagaland,Dimapur,North Assam
Nagaland,Kiphire,North Assam
Nagaland,Kohima,North Assam
Nagaland,Longleng,North Assam
Nagaland,Mokokchung,North Assam
Nagaland,Mon,North Assam
Nagaland,Noklak,North Assam
Nagaland,Peren,North Assam
Nagaland,Phek,North Assam
Nagaland,Tuensang,North Assam
Nagaland,Wokha,North Assam
Nagaland,Zunheboto,North Assam
Odisha,anugul,East Odisha
Odisha,Balangir,West Odisha
Odisha,Baleshwar,East Odisha
Odisha,Bargarh,West Odisha
Odisha,Bhadrak,East Odisha
Odisha,Boudh,West Odisha
Odisha,Cuttack,East Odisha
Odisha,deogarh,West Odisha
Odisha,Dhenkanal,East Odisha
Odisha,Gajapati,East Odisha
Odisha,Ganjam,East Odisha
Odisha,jagatsinghapur,East Odisha
Odisha,jajapur,East Odisha
Odisha,Jharsuguda,West Odisha
Odisha,Kalahandi,West Odisha
Odisha,Kandhamal,East Odisha
Odisha,Kendrapara,East Odisha
Odisha,Kendujhar,East Odisha
Odisha,Khordha,East Odisha
Odisha,Koraput,West Odisha
Odisha,Malkangiri,West Odisha
Odisha,Mayurbhanj,East Odisha
Odisha,Nabarangpur,East Odisha
Odisha,Nayagarh,East Odisha
Odisha,Nuapada,East Odisha
Odisha,Puri,East Odisha
Odisha,Rayagada,West Odisha
Odisha,Sambalpur,West Odisha
Odisha,Sonepur,East Odisha
Odisha,sundargarh,West Odisha
Puducherry,Karaikal,North Tamilnadu
Puducherry,Mahe,North Tamilnadu
Puducherry,Pondicherry,North Tamilnadu
Puducherry,Yanam,North Tamilnadu
Punjab,Amritsar,Punjab
Punjab,Barnala,Punjab
Punjab,Bathinda,Punjab
Punjab,Faridkot,Punjab
Punjab,Fatehgarh Sahib,Punjab
Punjab,Fazilka,Punjab
Punjab,firozepur,Punjab
Punjab,Gurdaspur,Punjab
Punjab,Hoshiarpur,Punjab
Punjab,Jalandhar,Punjab
Punjab,Kapurthala,Punjab
Punjab,Ludhiana,Punjab
Punjab,Mansa,Punjab
Punjab,Moga,Punjab
Punjab,Malerkotla,Punjab
Punjab,S.A.S Nagar,Punjab
Punjab,Sri Muktsar Sahib,Punjab
Punjab,Pathankot,Punjab
Punjab,Patiala,Punjab
Punjab,Rupnagar,Punjab
Punjab,Sangrur,Punjab
Punjab,shahid bhagat singh nagar,Punjab
Punjab,Tarn Taran,Punjab
Rajasthan,Ajmer,Chittodgarh
Rajasthan,Alwar,Jaipur
Rajasthan,Banswara,Chittodgarh
Rajasthan,Baran,Chittodgarh
Rajasthan,Barmer,Jodpur
Rajasthan,Bharatpur,Jaipur
Rajasthan,Bhilwara,Chittodgarh
Rajasthan,Bikaner,Jodpur
Rajasthan,Bundi,Chittodgarh
Rajasthan,Chittorgarh,Chittodgarh
Rajasthan,Churu,Jaipur
Rajasthan,Dausa,Jaipur
Rajasthan,Dholpur,Jaipur
Rajasthan,Dungarpur,Chittodgarh
Rajasthan,Hanumangarh,Jodpur
Rajasthan,Jaipur,Jaipur
Rajasthan,Jaisalmer,Jodpur
Rajasthan,Jalore,Jodpur
Rajasthan,Jhalawar,Chittodgarh
Rajasthan,Jhunjhunu,Jaipur
Rajasthan,Jodhpur,Jodpur
Rajasthan,Karauli,Jaipur
Rajasthan,Kota,Chittodgarh
Rajasthan,Nagaur,Jodpur
Rajasthan,Pali,Jodpur
Rajasthan,Pratapgarh,Chittodgarh
Rajasthan,Rajsamand,Chittodgarh
Rajasthan,Sawai Madhopur,Jaipur
Rajasthan,Sikar,Jaipur
Rajasthan,Sirohi,Jodpur
Rajasthan,Ganganagar,Jodpur
Rajasthan,Tonk,Jaipur
Rajasthan,Udaipur,Chittodgarh
Sikkim,East District,North Bangal
Sikkim,North District,North Bangal
Sikkim,South District,North Bangal
Sikkim,West District,North Bangal
Tamil Nadu,Ariyalur,South Tamilnadu
Tamil Nadu,Chengalpattu,North Tamilnadu
Tamil Nadu,Chennai,North Tamilnadu
Tamil Nadu,Coimbatore,South Tamilnadu
Tamil Nadu,Cuddalore,North Tamilnadu
Tamil Nadu,Dharmapuri,North Tamilnadu
Tamil Nadu,Dindigul,South Tamilnadu
Tamil Nadu,Erode,North Tamilnadu
Tamil Nadu,Kallakurichi,North Tamilnadu
Tamil Nadu,Kanchipuram,North Tamilnadu
Tamil Nadu,kanniyakumari,South Tamilnadu
Tamil Nadu,Karur,North Tamilnadu
Tamil Nadu,Krishnagiri,North Tamilnadu
Tamil Nadu,Madurai,South Tamilnadu
Tamil Nadu,Mayiladuthurai,South Tamilnadu
Tamil Nadu,Nagapattinam,South Tamilnadu
Tamil Nadu,Namakkal,North Tamilnadu
Tamil Nadu,The Nilgiris,South Tamilnadu
Tamil Nadu,Perambalur,South Tamilnadu
Tamil Nadu,Pudukkottai,South Tamilnadu
Tamil Nadu,Ramanathapuram,North Tamilnadu
Tamil Nadu,Ranipet,North Tamilnadu
Tamil Nadu,Salem,North Tamilnadu
Tamil Nadu,Sivaganga,South Tamilnadu
Tamil Nadu,Tenkasi,South Tamilnadu
Tamil Nadu,Thanjavur,South Tamilnadu
Tamil Nadu,Theni,South Tamilnadu
Tamil Nadu,Tuticorin,South Tamilnadu
Tamil Nadu,Tiruchirappalli,South Tamilnadu
Tamil Nadu,Tirunelveli,South Tamilnadu
Tamil Nadu,tirupathur,North Tamilnadu
Tamil Nadu,Tiruppur,North Tamilnadu
Tamil Nadu,Thiruvallur,North Tamilnadu
Tamil Nadu,Tiruvannamalai,North Tamilnadu
Tamil Nadu,thiruvarur,South Tamilnadu
Tamil Nadu,Vellore,North Tamilnadu
Tamil Nadu,villupuram,North Tamilnadu
Tamil Nadu,Virudhunagar,South Tamilnadu
Telangana,Adilabad,Telangana
Telangana,Bhadradri Kothagudem,Telangana
Telangana,Hyderabad,Telangana
Telangana,Jagitial,Telangana
Telangana,Jangoan,Telangana
Telangana,Jayashankar Bhupalapally,Telangana
Telangana,Jogulamba Gadwal,Telangana
Telangana,Kamareddy,Telangana
Telangana,Karimnagar,Telangana
Telangana,Khammam,Telangana
Telangana,Kumuram Bheem Asifabad,Telangana
Telangana,Mahabubabad,Telangana
Telangana,Mahabubnagar,Telangana
Telangana,Mancherial,Telangana
Telangana,Medak,Telangana
Telangana,Medchal Malkajgiri,Telangana
Telangana,Mulugu,Telangana
Telangana,Nagarkurnool,Telangana
Telangana,Nalgonda,Telangana
Telangana,Narayanpet,Telangana
Telangana,Nirmal,Telangana
Telangana,Nizamabad,Telangana
Telangana,Peddapalli,Telangana
Telangana,Rajanna Sircilla,Telangana
Telangana,Ranga Reddy,Telangana
Telangana,Sangareddy,Telangana
Telangana,Siddipet,Telangana
Telangana,Suryapet,Telangana
Telangana,Vikarabad,Telangana
Telangana,Wanaparthy,Telangana
Telangana,Warangal Rural,Telangana
Telangana,Warangal Urban,Telangana
Telangana,Yadadri Bhuvanagiri,Telangana
Tripura,Dhalai,Tripura
Tripura,Gomati,Tripura
Tripura,Khowai,Tripura
Tripura,North Tripura,Tripura
Tripura,Sepahijala,Tripura
Tripura,South Tripura,Tripura
Tripura,Unakoti,Tripura
Tripura,West Tripura,Tripura
Uttar Pradesh,Agra,Brij
Uttar Pradesh,Aligarh,Brij
Uttar Pradesh,Ambedkar Nagar,Awadh
Uttar Pradesh,Amethi,Kashi
Uttar Pradesh,Amroha,Merat
Uttar Pradesh,Auraiya,Kanpur
Uttar Pradesh,Ayodhya,Awadh
Uttar Pradesh,Azamgarh,Gorksh
Uttar Pradesh,Baghpat,Merat
Uttar Pradesh,Bahraich,Awadh
Uttar Pradesh,Ballia,Gorksh
Uttar Pradesh,Balrampur,Awadh
Uttar Pradesh,Banda,Kanpur
Uttar Pradesh,Barabanki,Awadh
Uttar Pradesh,Bareilly,Brij
Uttar Pradesh,Basti,Gorksh
Uttar Pradesh,Bhadohi,Kashi
Uttar Pradesh,Bijnor,Merat
Uttar Pradesh,Budaun,Brij
Uttar Pradesh,Bulandshahr,Merat
Uttar Pradesh,Chandauli,Kashi
Uttar Pradesh,Chitrakoot,Kanpur
Uttar Pradesh,Deoria,Gorksh
Uttar Pradesh,Etah,Brij
Uttar Pradesh,Etawah,Kanpur
Uttar Pradesh,Farrukhabad,Kanpur
Uttar Pradesh,Fatehpur,Kanpur
Uttar Pradesh,Firozabad,Brij
Uttar Pradesh,Gautam Buddha Nagar,Merat
Uttar Pradesh,Ghaziabad,Merat
Uttar Pradesh,Ghazipur,Kashi
Uttar Pradesh,Gonda,Awadh
Uttar Pradesh,Gorakhpur,Gorksh
Uttar Pradesh,Hamirpur,Kanpur
Uttar Pradesh,Hapur,Merat
Uttar Pradesh,Hardoi,Awadh
Uttar Pradesh,Hathras,Brij
Uttar Pradesh,Jalaun,Kanpur
Uttar Pradesh,Jaunpur,Kashi
Uttar Pradesh,Jhansi,Kanpur
Uttar Pradesh,Kannauj,Kanpur
Uttar Pradesh,Kanpur Dehat,Kanpur
Uttar Pradesh,Kanpur Nagar,Kanpur
Uttar Pradesh,Kasganj,Brij
Uttar Pradesh,Kaushambi,Kashi
Uttar Pradesh,Kheri,Awadh
Uttar Pradesh,Kushi nagar,Gorksh
Uttar Pradesh,Lalitpur,Kanpur
Uttar Pradesh,Lucknow,Awadh
Uttar Pradesh,Maharajganj,Gorksh
Uttar Pradesh,Mahoba,Kanpur
Uttar Pradesh,Mainpuri,Brij
Uttar Pradesh,Mathura,Brij
Uttar Pradesh,Mau,Gorksh
Uttar Pradesh,Meerut,Merat
Uttar Pradesh,Mirzapur,Kashi
Uttar Pradesh,Moradabad,Merat
Uttar Pradesh,Muzaffarnagar,Merat
Uttar Pradesh,Pilibhit,Brij
Uttar Pradesh,Pratapgarh,Kashi
Uttar Pradesh,Prayagraj,Kashi
Uttar Pradesh,rae bareli,Awadh
Uttar Pradesh,Rampur,Merat
Uttar Pradesh,Saharanpur,Merat
Uttar Pradesh,Sambhal,Merat
Uttar Pradesh,Sant Kabeer Nagar,Gorksh
Uttar Pradesh,Shahjahanpur,Brij
Uttar Pradesh,Shamli,Merat
Uttar Pradesh,Shravasti,Awadh
Uttar Pradesh,Siddharth Nagar,Gorksh
Uttar Pradesh,Sitapur,Awadh
Uttar Pradesh,Sonbhadra,Kashi
Uttar Pradesh,Sultanpur,Kashi
Uttar Pradesh,Unnao,Awadh
Uttar Pradesh,Varanasi,Kashi
Uttarakhand,Almora,Uttarakhand
Uttarakhand,Bageshwar,Uttarakhand
Uttarakhand,Chamoli,Uttarakhand
Uttarakhand,Champawat,Uttarakhand
Uttarakhand,Dehradun,Uttarakhand
Uttarakhand,Haridwar,Uttarakhand
Uttarakhand,Nainital,Uttarakhand
Uttarakhand,Pauri Garhwal,Uttarakhand
Uttarakhand,Pithoragarh,Uttarakhand
Uttarakhand,Rudra prayag,Uttarakhand
Uttarakhand,Tehri Garhwal,Uttarakhand
Uttarakhand,Udam Singh Nagar,Uttarakhand
Uttarakhand,Uttar Kashi,Uttarakhand
West Bengal,Alipurduar,North Bangal
West Bengal,Bankura,South Bangal
West Bengal,Birbhum,South Bangal
West Bengal,Coochbehar,North Bangal
West Bengal,Dinajpur Dakshin,North Bangal
West Bengal,Darjeeling,North Bangal
West Bengal,Hooghly,South Bangal
West Bengal,Howrah,South Bangal
West Bengal,Jalpaiguri,North Bangal
West Bengal,Jhargram,South Bangal
West Bengal,Kalimpong,North Bangal
West Bengal,Kolkata,North Bangal
West Bengal,Maldah,North Bangal
West Bengal,Murshidabad,North Bangal
West Bengal,Nadia,South Bangal
West Bengal,24 Paraganas North,South Bangal
West Bengal,Paschim Bardhaman,South Bangal
West Bengal,Medinipur West,South Bangal
West Bengal,Purba Bardhaman,South Bangal
West Bengal,Medinipur East,South Bangal
West Bengal,Purulia,South Bangal
West Bengal,24 Paraganas South,South Bangal
West Bengal,Dinajpur Uttar,North Bangal